Manuel Cayoja, manu, manu123, 90.0
Abel Martinez, abel, abel123, 100.0
Bruno Coss, bruno, bruno123, 0.0
Holman Roger, holman, qqq, 0.0
Ivan Yamal, lamine, lamine123, 0.0
Fabri Antro, fabri, antro, 2900.0
